voter,proposal,weight,cycle
hazdkmbxgene,6,3,1
polishhodler,6,5,1
rochelle.ai,6,0,1
ruudstatucki,6,1,1
cabaret31111,6,9,1
verige331133,6,1,1
vctcalwallet,6,1,1
eostytledger,7,3,1
vctcalwallet,7,1,1
guztgnjyguge,7,1,1
guztgnjyguge,6,1,1
shahargluska,6,1,1
shahargluska,7,1,1
xrossxrosste,6,9,1
xrossxrosste,7,9,1
seventhwave1,6,5,1
seventhwave1,7,5,1
dajinofgpool,7,5,1
tomhumphries,6,1,1
tomhumphries,7,1,1
moreefx4gian,7,5,1
moreefx4gian,6,5,1
hakf355store,7,49,1
polishhodler,7,5,1
verige331133,7,1,1
thorshammer1,7,1,1
thorshammer1,6,1,1
dsyffpw5s1go,7,3,1
dsyffpw5s1go,6,3,1
container135,6,1,1
container135,7,1,1
almostthere2,7,1,1
tropicalfish,6,3,1
raskendrills,6,1,1
cry2211sub11,6,9,1
cry2211sub11,7,9,1
huckleberry2,7,28,1
houlmeman1ma,7,2,1
houlmeman1ma,6,2,1
huckleberry2,6,28,1
gi2tamzzgege,6,5,1
verheullaan1,7,2,1
gy2danzsgege,6,16,1
suddendeath1,7,3,1
trumpcrypto1,6,16,1
ruudstatucki,7,1,1
extemporized,6,1,1
eostytledger,6,3,1
offsummer123,7,1,1
offsummer123,6,1,1
richardweals,7,5,1
pepsoutrufus,7,1,1
pepsoutrufus,6,1,1
richardweals,6,5,1
leoandthelaw,7,2,1
leoandthelaw,6,2,1
purpleclouds,7,5,1
purpleclouds,6,5,1
breekean2222,7,9,1
bushidomonk2,7,3,1
bushidomonk2,6,3,1
anilksareen1,7,2,1
anilksareen1,6,2,1
mrprometheus,7,5,1
breekean2222,6,9,1
nechibubeos3,7,9,1
nechibubeos3,6,9,1
cabaret31111,7,9,1
marcsaccount,6,3,1
verheullaan1,6,2,1
elhoutbaraaa,6,2,1
almostthere2,6,1,1
mystakedefx1,6,2,1
mystakedefx1,7,2,1
marianmarius,7,1,1
marianmarius,6,1,1
phyletically,7,3,1
szutyanka111,7,1,1
bastiaan1234,7,3,1
bastiaan1234,6,3,1
efxnfxwallet,7,3,1
efxnfxwallet,6,3,1
mikenatomike,7,2,1
cryptkeeper1,7,3,1
dajinofgpool,6,5,1
mrprometheus,6,5,1
yellow.co,7,1,1
elhoutbaraaa,7,2,1
yellow.co,6,1,1
ronaldcrypto,7,5,1
ronaldcrypto,6,5,1
marcsaccount,7,3,1
mahavakyaste,7,2,1
mahavakyaste,6,2,1
suddendeath1,6,3,1
tropicalfish,7,3,1
hakf355store,6,49,1
mikenatomike,6,2,1
pablozeus.tp,7,1,1
pablozeus.tp,6,1,1
vipacevipace,7,3,1
gu3dkmbsgege,7,1,1
gu3dkmbsgege,6,1,1
gi2tamzzgege,7,5,1
polishzombie,7,5,1
olabuczkowsk,7,2,1
mcmspaan1335,7,3,1
mcmspaan1335,6,3,1
gy2danzsgege,7,16,1
coincassocom,7,2,1
coincassocom,6,2,1
grimtown1111,7,2,1
grimtown1111,6,2,1
peterm3rr13n,7,5,1
peterm3rr13n,6,5,1
trumpcrypto1,7,16,1
eagleeyes111,6,1,1
rmblockchain,7,1,1
phyletically,6,3,1
alansss11111,6,3,1
alansss11111,7,3,1
d1gitalon3o5,6,5,1
d1gitalon3o5,7,5,1
hawaiiangolf,7,1,1
hawaiiangolf,6,1,1
djstrikanova,6,16,1
djstrikanova,7,16,1
cryptkeeper1,6,3,1
hazdkmbxgene,7,3,1
djlovejuicex,7,2,1
djlovejuicex,6,2,1
flobrand3525,7,3,1
flobrand3525,6,3,1
marlonmarlon,6,1,1
marlonmarlon,7,1,1
extemporized,13,1,2
deurleos1515,13,1,2
deurleos1515,11,1,2
houlmeman1ma,13,3,2
houlmeman1ma,11,3,2
seventhwave1,13,5,2
seventhwave1,5,5,2
ruudstatucki,13,1,2
ruudstatucki,5,1,2
laurenseosio,13,1,2
verige331133,5,1,2
houlmeman1ma,5,3,2
marcsaccount,13,3,2
verige331133,13,1,2
xrossxrosste,13,9,2
verige331133,11,1,2
xrossxrosste,5,9,2
verige331133,9,1,2
seventhwave1,11,5,2
seventhwave1,9,5,2
marcsaccount,5,3,2
raskendrills,13,1,2
raskendrills,11,1,2
raskendrills,5,1,2
laurenseosio,11,1,2
tropicalfish,11,3,2
tropicalfish,13,3,2
dajinofgpool,5,5,2
tropicalfish,5,3,2
bastiaan1234,13,3,2
bastiaan1234,11,3,2
dajinofgpool,13,5,2
flobrand3525,13,3,2
polishhodler,5,5,2
pablozeus.tp,9,1,2
gq2dqojxhege,9,1,2
djstrikanova,13,16,2
djstrikanova,11,16,2
djstrikanova,9,16,2
djstrikanova,5,16,2
cry2211sub11,5,9,2
cry2211sub11,13,9,2
cry2211sub11,11,9,2
cry2211sub11,9,9,2
dajinofgpool,11,5,2
dajinofgpool,9,5,2
polishhodler,11,5,2
tomhumphries,13,1,2
tomhumphries,5,1,2
dsyffpw5s1go,5,3,2
dsyffpw5s1go,9,3,2
dsyffpw5s1go,11,3,2
gi2tamzzgege,13,9,2
gi2tamzzgege,11,9,2
gi2tamzzgege,9,9,2
gi2tamzzgege,5,9,2
container135,13,1,2
container135,5,1,2
container135,9,1,2
container135,11,1,2
mikenatomike,5,2,2
guztgnjyguge,13,1,2
guztgnjyguge,11,1,2
marlonmarlon,5,1,2
marlonmarlon,11,1,2
d1gitalon3o5,13,5,2
polishhodler,9,5,2
marlonmarlon,9,1,2
peterm3rr13n,13,5,2
peterm3rr13n,11,5,2
peterm3rr13n,9,5,2
ronaldcrypto,11,5,2
mcmspaan1335,5,3,2
mcmspaan1335,11,3,2
marianmarius,13,1,2
marianmarius,11,1,2
leoandthelaw,5,2,2
leoandthelaw,11,2,2
leoandthelaw,13,2,2
leoandthelaw,9,2,2
marianmarius,9,1,2
marianmarius,5,1,2
vctcalwallet,5,1,2
vctcalwallet,13,1,2
vctcalwallet,11,1,2
vctcalwallet,9,1,2
ruudstatucki,11,1,2
tropicalfish,9,3,2
gy2danzsgege,13,16,2
gy2danzsgege,11,16,2
gy2danzsgege,9,16,2
gy2danzsgege,5,16,2
cryptkeeper1,5,3,2
cryptkeeper1,9,3,2
hellojambo12,5,9,2
bastiaan1234,9,3,2
bastiaan1234,5,3,2
mznaeosfunds,13,9,2
mznaeosfunds,11,9,2
mznaeosfunds,9,9,2
mznaeosfunds,5,9,2
anilksareen1,11,2,2
purpleclouds,13,5,2
purpleclouds,9,5,2
purpleclouds,5,5,2
purpleclouds,11,5,2
xrossxrosste,11,9,2
xrossxrosste,9,9,2
verheullaan1,5,2,2
verheullaan1,9,2,2
djlovejuicex,13,2,2
djlovejuicex,11,2,2
mcmspaan1335,9,3,2
mcmspaan1335,13,3,2
dsyffpw5s1go,13,3,2
trumpcrypto1,13,16,2
trumpcrypto1,11,16,2
trumpcrypto1,9,16,2
trumpcrypto1,5,16,2
cryptkeeper1,11,3,2
cryptkeeper1,13,3,2
pepsoutrufus,5,1,2
pepsoutrufus,9,1,2
pepsoutrufus,11,1,2
pepsoutrufus,13,1,2
alansss11111,13,3,2
alansss11111,9,3,2
breekean2222,5,9,2
breekean2222,9,9,2
alansss11111,5,3,2
alansss11111,11,3,2
mrprometheus,11,5,2
mrprometheus,13,5,2
hakf355store,13,49,2
hakf355store,11,49,2
hakf355store,9,49,2
hakf355store,5,49,2
elhoutbaraaa,9,2,2
thorshammer1,13,1,2
thorshammer1,11,1,2
thorshammer1,9,1,2
thorshammer1,5,1,2
offsummer123,13,1,2
offsummer123,5,1,2
offsummer123,11,1,2
offsummer123,9,1,2
breekean2222,11,9,2
breekean2222,13,9,2
gu3dkmbsgege,13,1,2
gu3dkmbsgege,11,1,2
gu3dkmbsgege,9,1,2
gu3dkmbsgege,5,1,2
grimtown1111,11,2,2
grimtown1111,13,2,2
grimtown1111,9,2,2
grimtown1111,5,2,2
yellow.co,13,1,2
yellow.co,11,1,2
yellow.co,9,1,2
yellow.co,5,1,2
mahavakyaste,13,2,2
mahavakyaste,5,2,2
mahavakyaste,11,2,2
sw35xvedt5dd,13,1,2
sw35xvedt5dd,11,1,2
sw35xvedt5dd,9,1,2
sw35xvedt5dd,5,1,2
ruudstatucki,9,1,2
mystakedefx1,5,2,2
mystakedefx1,9,2,2
mystakedefx1,11,2,2
mystakedefx1,13,2,2
szutyanka111,11,1,2
szutyanka111,9,1,2
szutyanka111,5,1,2
szutyanka111,13,1,2
flobrand3525,11,3,2
flobrand3525,9,3,2
mikenatomike,13,2,2
mikenatomike,11,2,2
coincassocom,5,2,2
coincassocom,9,2,2
coincassocom,11,2,2
coincassocom,13,2,2
verheullaan1,11,2,2
verheullaan1,13,2,2
rmblockchain,11,1,2
rmblockchain,9,1,2
rmblockchain,5,1,2
efxnfxwallet,5,3,2
efxnfxwallet,9,3,2
efxnfxwallet,11,3,2
efxnfxwallet,13,3,2
eostytledger,5,3,2
eostytledger,9,3,2
eostytledger,13,3,2
eostytledger,11,3,2
nechibubeos3,13,9,2
nechibubeos3,11,9,2
nechibubeos3,9,9,2
nechibubeos3,5,9,2
polishhodler,13,5,2
ronaldcrypto,13,5,2
mikenatomike,9,2,2
peterm3rr13n,5,5,2
suddendeath1,11,3,2
suddendeath1,5,3,2
brianbax1111,11,1,2
brianbax1111,13,1,2
brianbax1111,9,1,2
brianbax1111,5,1,2
bushidomonk2,9,3,2
bushidomonk2,5,3,2
bushidomonk2,11,3,2
bushidomonk2,13,3,2
tomhumphries,11,1,2
tomhumphries,9,1,2
marcsaccount,11,3,2
marcsaccount,9,3,2
deluccaefx13,13,2,2
polishzombie,11,5,2
olabuczkowsk,11,2,2
narestudios1,5,16,2
narestudios1,13,16,2
narestudios1,11,16,2
vipacevipace,5,3,2
vipacevipace,9,3,2
flobrand3525,5,3,2
deluccaefx13,11,2,2
phyletically,13,3,2
phyletically,11,3,2
phyletically,9,3,2
vipacevipace,13,3,2
vipacevipace,11,3,2
hazdkmbxgene,20,3,3
hazdkmbxgene,16,3,3
hazdkmbxgene,1,3,3
hazdkmbxgene,21,3,3
laurenseosio,20,1,3
laurenseosio,21,1,3
extemporized,1,1,3
dsyffpw5s1go,20,3,3
dsyffpw5s1go,1,3,3
dsyffpw5s1go,16,3,3
tropicalfish,20,3,3
tropicalfish,17,3,3
tropicalfish,1,3,3
tropicalfish,16,3,3
deurleos1515,1,1,3
deurleos1515,16,1,3
deurleos1515,17,1,3
pepsoutrufus,19,1,3
pepsoutrufus,21,1,3
pepsoutrufus,1,1,3
pepsoutrufus,16,1,3
pepsoutrufus,20,1,3
pepsoutrufus,17,1,3
vctcalwallet,19,1,3
vctcalwallet,1,1,3
vctcalwallet,16,1,3
vctcalwallet,17,1,3
vctcalwallet,20,1,3
vctcalwallet,21,1,3
moreefx4gian,16,5,3
moreefx4gian,21,5,3
moreefx4gian,17,5,3
moreefx4gian,20,5,3
cry2211sub11,1,9,3
cry2211sub11,16,9,3
cry2211sub11,19,9,3
cry2211sub11,17,9,3
cry2211sub11,20,9,3
gy2danzsgege,20,16,3
gy2danzsgege,21,16,3
gy2danzsgege,19,16,3
gy2danzsgege,17,16,3
gy2danzsgege,16,16,3
gy2danzsgege,1,16,3
breekean2222,1,9,3
breekean2222,16,9,3
peterm3rr13n,1,5,3
peterm3rr13n,16,5,3
peterm3rr13n,17,5,3
peterm3rr13n,19,5,3
purpleclouds,1,5,3
purpleclouds,16,5,3
purpleclouds,17,5,3
purpleclouds,19,5,3
purpleclouds,20,5,3
purpleclouds,21,5,3
djstrikanova,21,28,3
djstrikanova,20,28,3
djstrikanova,19,28,3
djstrikanova,17,28,3
djstrikanova,1,28,3
djstrikanova,16,28,3
guztgnjyguge,19,2,3
guztgnjyguge,17,2,3
gi2tamzzgege,1,9,3
container135,17,1,3
container135,1,1,3
container135,19,1,3
container135,16,1,3
dsyffpw5s1go,19,3,3
dsyffpw5s1go,17,3,3
dsyffpw5s1go,21,3,3
verige331133,1,1,3
verige331133,16,1,3
xrossxrosste,1,9,3
xrossxrosste,16,9,3
xrossxrosste,17,9,3
verige331133,17,1,3
eostytledger,1,3,3
eostytledger,16,3,3
eostytledger,19,3,3
eostytledger,20,3,3
verige331133,19,1,3
verige331133,20,1,3
verige331133,21,1,3
xrossxrosste,20,9,3
ruudstatucki,1,1,3
ruudstatucki,16,1,3
ruudstatucki,17,1,3
ruudstatucki,19,1,3
ruudstatucki,20,1,3
leoandthelaw,1,2,3
leoandthelaw,16,2,3
leoandthelaw,17,2,3
leoandthelaw,19,2,3
leoandthelaw,20,2,3
leoandthelaw,21,2,3
nechibubeos3,21,9,3
nechibubeos3,20,9,3
nechibubeos3,17,9,3
trumpcrypto1,1,16,3
trumpcrypto1,16,16,3
trumpcrypto1,17,16,3
trumpcrypto1,19,16,3
trumpcrypto1,20,16,3
trumpcrypto1,21,16,3
gi2tamzzgege,16,9,3
gi2tamzzgege,17,9,3
gi2tamzzgege,19,9,3
gi2tamzzgege,20,9,3
gi2tamzzgege,21,9,3
orhlasvegas1,16,1,3
tropicalfish,19,3,3
tropicalfish,21,3,3
mystakedefx1,21,2,3
mystakedefx1,20,2,3
mystakedefx1,19,2,3
mystakedefx1,17,2,3
mystakedefx1,16,2,3
mystakedefx1,1,2,3
breekean2222,17,9,3
gu3dkmbsgege,17,1,3
gu3dkmbsgege,1,1,3
gu3dkmbsgege,16,1,3
gu3dkmbsgege,19,1,3
gu3dkmbsgege,20,1,3
gu3dkmbsgege,21,1,3
thorshammer1,1,1,3
thorshammer1,16,1,3
thorshammer1,17,1,3
flobrand3525,1,3,3
flobrand3525,16,3,3
deluccaefx13,1,2,3
deluccaefx13,16,2,3
deluccaefx13,19,2,3
deluccaefx13,21,2,3
deluccaefx13,20,2,3
deluccaefx13,17,2,3
suddendeath1,21,3,3
suddendeath1,1,3,3
efxnfxwallet,1,3,3
efxnfxwallet,16,3,3
efxnfxwallet,17,3,3
efxnfxwallet,21,3,3
efxnfxwallet,20,3,3
offsummer123,16,1,3
offsummer123,1,1,3
breekean2222,21,9,3
breekean2222,20,9,3
coincassocom,1,2,3
coincassocom,16,2,3
coincassocom,17,2,3
coincassocom,20,2,3
flobrand3525,17,3,3
flobrand3525,19,3,3
mcmspaan1335,16,3,3
narestudios1,1,16,3
narestudios1,16,16,3
narestudios1,17,16,3
narestudios1,19,16,3
narestudios1,20,16,3
narestudios1,21,16,3
raskendrills,1,1,3
raskendrills,16,1,3
raskendrills,19,1,3
raskendrills,20,1,3
raskendrills,21,1,3
sw35xvedt5dd,1,1,3
sw35xvedt5dd,16,1,3
sw35xvedt5dd,17,1,3
sw35xvedt5dd,19,1,3
sw35xvedt5dd,20,1,3
sw35xvedt5dd,21,1,3
bastiaan1234,20,3,3
bastiaan1234,17,3,3
seventhwave1,1,5,3
seventhwave1,16,5,3
seventhwave1,17,5,3
seventhwave1,19,5,3
seventhwave1,21,5,3
seventhwave1,20,5,3
marlonmarlon,21,1,3
marlonmarlon,20,1,3
cryptkeeper1,1,3,3
cryptkeeper1,16,3,3
polishhodler,1,1,3
polishhodler,16,1,3
polishhodler,17,1,3
polishhodler,19,1,3
polishhodler,20,1,3
polishhodler,21,1,3
alansss11111,1,3,3
peterm3rr13n,20,5,3
alansss11111,16,3,3
peterm3rr13n,21,5,3
alansss11111,17,3,3
alansss11111,19,3,3
alansss11111,21,3,3
alansss11111,20,3,3
grimtown1111,1,2,3
grimtown1111,16,2,3
grimtown1111,17,2,3
grimtown1111,19,2,3
grimtown1111,20,2,3
grimtown1111,21,2,3
mahavakyaste,16,2,3
mahavakyaste,1,2,3
mahavakyaste,17,2,3
mahavakyaste,21,2,3
verheullaan1,21,2,3
mcmspaan1335,17,3,3
mcmspaan1335,1,3,3
vipacevipace,17,3,3
marianmarius,21,1,3
marianmarius,16,1,3
marianmarius,17,1,3
marianmarius,19,1,3
marianmarius,20,1,3
mrprometheus,21,5,3
mrprometheus,17,5,3
suddendeath1,16,3,3
suddendeath1,17,3,3
suddendeath1,19,3,3
suddendeath1,20,3,3
brianbax1111,20,1,3
brianbax1111,21,1,3
hakf355store,16,49,3
tomhumphries,21,1,3
tomhumphries,20,1,3
mikenatomike,1,2,3
mikenatomike,16,2,3
cryptkeeper1,17,3,3
cryptkeeper1,19,3,3
cryptkeeper1,20,3,3
dajinofgpool,1,5,3
dajinofgpool,16,5,3
dajinofgpool,17,5,3
dajinofgpool,19,5,3
dajinofgpool,20,5,3
dajinofgpool,21,5,3
ronaldcrypto,1,5,3
ronaldcrypto,16,5,3
ronaldcrypto,17,5,3
ronaldcrypto,20,5,3
ronaldcrypto,21,5,3
hellojambo12,19,9,3
hellojambo12,1,9,3
hellojambo12,17,9,3
hellojambo12,16,9,3
hellojambo12,21,9,3
elhoutbaraaa,20,2,3
cryptkeeper1,21,3,3
flobrand3525,20,3,3
flobrand3525,21,3,3
d1gitalon3o5,16,5,3
d1gitalon3o5,20,5,3
d1gitalon3o5,17,5,3
d1gitalon3o5,21,5,3
d1gitalon3o5,19,5,3
nechibubeos3,1,9,3
nechibubeos3,16,9,3
johnatboid11,21,1,3
johnatboid11,20,1,3
johnatboid11,19,1,3
johnatboid11,17,1,3
johnatboid11,16,1,3
johnatboid11,1,1,3
container135,21,1,3
pablozeus.tp,20,1,3
thorshammer1,19,1,3
thorshammer1,20,1,3
thorshammer1,21,1,3
houlmeman1ma,1,3,3
houlmeman1ma,16,3,3
elhoutbaraaa,1,2,3
elhoutbaraaa,16,2,3
elhoutbaraaa,17,2,3
elhoutbaraaa,19,2,3
elhoutbaraaa,21,2,3
mikenatomike,19,2,3
mikenatomike,20,2,3
mikenatomike,21,2,3
marcsaccount,21,3,3
marcsaccount,20,3,3
marcsaccount,19,3,3
marcsaccount,17,3,3
marcsaccount,16,3,3
marcsaccount,1,3,3
tomhumphries,19,1,3
tomhumphries,17,1,3
tomhumphries,16,1,3
ruudzandberg,16,2,3
ruudzandberg,19,2,3
vipacevipace,19,3,3
vipacevipace,21,3,3
yellow.co,1,1,3
yellow.co,16,1,3
yellow.co,17,1,3
yellow.co,19,1,3
yellow.co,20,1,3
gi2tamzzgege,23,9,4
gi2tamzzgege,22,9,4
cry2211sub11,23,9,4
cry2211sub11,22,9,4
elhoutbaraaa,23,2,4
elhoutbaraaa,22,2,4
cryptkeeper1,22,3,4
cryptkeeper1,23,3,4
trumpcrypto1,22,16,4
trumpcrypto1,23,16,4
djstrikanova,23,28,4
djstrikanova,22,28,4
peterm3rr13n,23,5,4
verige331133,23,1,4
verige331133,22,1,4
bushidomonk2,23,3,4
bushidomonk2,22,3,4
gy2danzsgege,23,16,4
dsyffpw5s1go,23,3,4
gy2danzsgege,22,16,4
dsyffpw5s1go,22,3,4
ruudstatucki,22,1,4
ruudstatucki,23,1,4
polishzombie,23,5,4
mystakedefx1,22,2,4
mystakedefx1,23,2,4
peterm3rr13n,22,5,4
olabuczkowsk,23,2,4
bastiaan1234,22,3,4
bastiaan1234,23,3,4
efxnfxwallet,22,3,4
efxnfxwallet,23,3,4
guztgnjyguge,22,2,4
sw35xvedt5dd,23,3,4
sw35xvedt5dd,22,3,4
vipacevipace,23,3,4
suddendeath1,23,3,4
suddendeath1,22,3,4
nechibubeos3,23,9,4
nechibubeos3,22,9,4
deluccaefx13,23,1,4
deluccaefx13,22,1,4
tomhumphries,23,1,4
tomhumphries,22,1,4
raskendrills,23,1,4
raskendrills,22,1,4
gu3dkmbsgege,23,1,4
gu3dkmbsgege,22,1,4
alansss11111,23,3,4
alansss11111,22,3,4
thorshammer1,22,1,4
thorshammer1,23,1,4
breekean2222,23,5,4
mcmspaan1335,23,3,4
szutyanka111,22,1,4
szutyanka111,23,1,4
flobrand3525,22,5,4
flobrand3525,23,5,4
polishhodler,23,1,4
polishhodler,22,1,4
pepsoutrufus,23,1,4
vipacevipace,22,3,4
purpleclouds,22,5,4
purpleclouds,23,5,4
tropicalfish,23,3,4
tropicalfish,22,3,4
hellojambo12,23,9,4
hellojambo12,22,9,4
vctcalwallet,23,1,4
vctcalwallet,22,1,4
marianmarius,22,1,4
marianmarius,23,1,4
ruudzandberg,23,2,4
ruudzandberg,22,2,4
mikenatomike,22,2,4
mikenatomike,23,2,4
hazdkmbxgene,23,3,4
hazdkmbxgene,22,3,4
dajinofgpool,23,5,4
dajinofgpool,22,5,4
grimtown1111,22,2,4
grimtown1111,23,2,4
4mont1me1111,23,3,4
4mont1me1111,22,3,4
phyletically,23,3,4
phyletically,22,3,4
polishzombie,22,5,4
olabuczkowsk,22,2,4
offsummer123,23,2,4
xrossxrosste,23,9,4
xrossxrosste,22,9,4
seventhwave1,22,5,4
seventhwave1,23,5,4
guztgnjyguge,23,2,4
offsummer123,22,2,4
coincassocom,23,2,4
yellow.co,22,1,4
yellow.co,23,1,4
ronaldcrypto,23,5,4
stephtv.xyz,22,1,4
stephtv.xyz,23,1,4
ronaldcrypto,22,5,4
nicred.co,22,9,4
nicred.co,23,9,4
rmblockchain,22,1,4
rmblockchain,23,1,4
brianbax1111,23,1,4
brianbax1111,22,1,4
leoandthelaw,22,2,4
leoandthelaw,23,2,4
hakf355store,22,49,4
hakf355store,23,49,4
johnatboid11,23,1,4
johnatboid11,22,1,4
djlovejuicex,22,1,4
djlovejuicex,23,1,4
anilksareen1,23,3,4
bjjgray12345,23,5,4
bjjgray12345,22,5,4
pablozeus.tp,22,1,4
mahavakyaste,22,2,4
mahavakyaste,23,2,4
mcmspaan1335,22,3,4
narestudios1,23,16,4
narestudios1,22,16,4
breekean2222,22,5,4
1yuricordova,23,2,4
1yuricordova,22,2,4
voorbestemde,23,5,4
voorbestemde,22,5,4
eostytledger,23,3,4
eostytledger,22,3,4
niekniekniek,23,1,4
niekniekniek,22,1,4
aypdvdwjazop,23,1,4
aypdvdwjazop,22,1,4
ecowaynigeri,22,1,4
ecowaynigeri,23,1,4
hashedvc2121,22,9,4
hashedvc2121,23,9,4
coincassocom,22,2,4
marcsaccount,22,3,4
marcsaccount,23,3,4
mznaeosfunds,22,9,4
mznaeosfunds,23,9,4
mohamed12.m,22,2,4
mohamed12.m,23,2,4
ruudstatucki,28,1,5
ruudstatucki,30,1,5
hawaiiangolf,27,1,5
dsyffpw5s1go,27,3,5
ruudstatucki,27,1,5
dsyffpw5s1go,28,3,5
hawaiiangolf,28,1,5
dsyffpw5s1go,30,3,5
hawaiiangolf,30,1,5
ecowaynigeri,27,1,5
ecowaynigeri,28,1,5
jellesteen21,27,5,5
jellesteen21,28,5,5
jellesteen21,30,5,5
richardweals,30,5,5
richardweals,28,5,5
xrossxrosste,27,9,5
richardweals,27,5,5
ronaldcrypto,28,5,5
ronaldcrypto,30,5,5
ronaldcrypto,27,5,5
eostytledger,27,3,5
eostytledger,28,3,5
guztgnjyguge,27,2,5
gu3dkmbsgege,27,1,5
guztgnjyguge,28,2,5
guztgnjyguge,30,2,5
gu3dkmbsgege,28,1,5
gu3dkmbsgege,30,1,5
verige331133,27,1,5
verige331133,28,1,5
verige331133,30,1,5
xrossxrosste,30,9,5
seventhwave1,30,3,5
seventhwave1,28,3,5
seventhwave1,27,3,5
raskendrills,30,1,5
raskendrills,28,1,5
raskendrills,27,1,5
ha4timjugqge,28,1,5
ha4timjugqge,30,1,5
ha4timjugqge,27,1,5
offsummer123,30,2,5
mystakedefx1,27,2,5
mystakedefx1,28,2,5
mystakedefx1,30,2,5
suddendeath1,30,3,5
suddendeath1,28,3,5
suddendeath1,27,3,5
cry2211sub11,28,9,5
cry2211sub11,27,9,5
cry2211sub11,30,9,5
alansss11111,27,3,5
alansss11111,30,3,5
trumpcrypto1,27,16,5
alansss11111,28,3,5
trumpcrypto1,28,16,5
trumpcrypto1,30,16,5
mznaeosfunds,28,9,5
mznaeosfunds,30,9,5
mznaeosfunds,27,9,5
mcmspaan1335,30,3,5
mcmspaan1335,27,3,5
mcmspaan1335,28,3,5
grimtown1111,27,5,5
grimtown1111,30,5,5
grimtown1111,28,5,5
sw35xvedt5dd,27,3,5
sw35xvedt5dd,28,3,5
sw35xvedt5dd,30,3,5
orhlasvegas1,28,1,5
xrossxrosste,28,9,5
stephtv.xyz,27,1,5
stephtv.xyz,30,1,5
stephtv.xyz,28,1,5
deluccaefx13,27,2,5
deluccaefx13,28,2,5
deluccaefx13,30,2,5
ecowaynigeri,30,1,5
efxnfxwallet,27,3,5
efxnfxwallet,28,3,5
efxnfxwallet,30,3,5
bjjgray12345,28,5,5
bjjgray12345,30,5,5
bjjgray12345,27,5,5
gy2danzsgege,27,16,5
gy2danzsgege,28,16,5
gy2danzsgege,30,16,5
5yzapcqnkjss,27,1,5
5yzapcqnkjss,28,1,5
5yzapcqnkjss,30,1,5
vipacevipace,30,3,5
johnatboid11,27,1,5
johnatboid11,28,1,5
johnatboid11,30,1,5
purpleclouds,27,5,5
purpleclouds,28,5,5
purpleclouds,30,5,5
tropicalfish,27,3,5
tropicalfish,30,3,5
tropicalfish,28,3,5
peterm3rr13n,27,5,5
peterm3rr13n,28,5,5
peterm3rr13n,30,5,5
deurleos1515,30,1,5
deurleos1515,28,1,5
tomhumphries,30,1,5
tomhumphries,28,1,5
tomhumphries,27,1,5
thorshammer1,27,1,5
thorshammer1,30,1,5
hakf355store,30,49,5
hakf355store,28,49,5
hakf355store,27,49,5
voorbestemde,28,5,5
voorbestemde,30,5,5
voorbestemde,27,5,5
phyletically,27,3,5
phyletically,28,3,5
phyletically,30,3,5
mikenatomike,28,2,5
mikenatomike,27,2,5
mikenatomike,30,2,5
elhoutbaraaa,28,2,5
elhoutbaraaa,30,2,5
elhoutbaraaa,27,2,5
mohamed12.m,27,2,5
mohamed12.m,28,2,5
mohamed12.m,30,2,5
gi2tamzzgege,27,9,5
gi2tamzzgege,28,9,5
gi2tamzzgege,30,9,5
pepsoutrufus,27,1,5
pepsoutrufus,28,1,5
pepsoutrufus,30,1,5
djstrikanova,27,28,5
djstrikanova,28,28,5
leoandthelaw,27,2,5
leoandthelaw,28,2,5
leoandthelaw,30,2,5
eko332dxbmnl,30,1,5
eko332dxbmnl,28,1,5
eoseffectai1,28,2,5
vipacevipace,28,3,5
nicred.co,27,9,5
nicred.co,28,9,5
nicred.co,30,9,5
aypdvdwjazop,27,1,5
rensdeweert2,30,1,5
eostytledger,30,3,5
4mont1me1111,30,3,5
4mont1me1111,28,3,5
4mont1me1111,27,3,5
offsummer123,27,2,5
offsummer123,28,2,5
nechibubeos3,27,9,5
nechibubeos3,28,9,5
nechibubeos3,30,9,5
brianbax1111,27,1,5
brianbax1111,28,1,5
brianbax1111,30,1,5
narestudios1,27,16,5
narestudios1,30,16,5
narestudios1,28,16,5
1yuricordova,30,2,5
rmblockchain,27,1,5
rmblockchain,28,1,5
rmblockchain,30,1,5
cryptkeeper1,27,3,5
cryptkeeper1,28,3,5
cryptkeeper1,30,3,5
djlovejuicex,28,1,5
djlovejuicex,30,1,5
flobrand3525,27,5,5
flobrand3525,28,5,5
rensdeweert2,28,1,5
rensdeweert2,27,1,5
hellojambo12,28,9,5
hellojambo12,30,9,5
polishzombie,30,5,5
olabuczkowsk,30,2,5
wissevw12345,30,16,5
wissevw12345,28,16,5
tokenswapbot,30,1,5
tokenswapbot,27,1,5
d1gitalon3o5,28,5,5
d1gitalon3o5,27,5,5
d1gitalon3o5,30,5,5
coincassocom,27,2,5
coincassocom,30,2,5
aypdvdwjazop,30,1,5
aypdvdwjazop,28,1,5
vctcalwallet,30,1,5
vctcalwallet,28,1,5
vctcalwallet,27,1,5
eko332dxbmnl,27,1,5
yellow.co,30,1,5
yellow.co,28,1,5
yellow.co,27,1,5
flobrand3525,30,5,5
tanewifferen,30,2,5
tanewifferen,28,2,5
tanewifferen,27,2,5
gm4dgnrzhege,27,1,5
gm4dgnrzhege,28,1,5
gm4dgnrzhege,30,1,5
marcsaccount,27,3,5
marcsaccount,28,3,5
cabaret31111,30,1,5
cabaret31111,28,1,5
cabaret31111,27,1,5
polishzombie,28,5,5
polishzombie,27,5,5
olabuczkowsk,28,2,5
olabuczkowsk,27,2,5
jonathanchoy,30,2,5
jonathanchoy,28,2,5
jonathanchoy,27,2,5
eoseffectai1,30,2,5
eoseffectai1,27,2,5
houlmeman1ma,30,3,5
houlmeman1ma,28,3,5
houlmeman1ma,27,3,5
mahavakyaste,30,2,5
mahavakyaste,28,2,5
mahavakyaste,27,2,5
shanurrahman,27,1,5
shanurrahman,30,1,5
shanurrahman,28,1,5
pablozeus.tp,30,1,5
marcsaccount,30,3,5
gsandrew2325,28,9,5
gsandrew2325,27,9,5
gsandrew2325,30,9,5
bushidomonk2,27,3,5
bushidomonk2,28,3,5
bushidomonk2,30,3,5
vipacevipace,27,3,5
bastiaan1234,27,3,5
thorshammer1,28,1,5
anilksareen1,27,3,5
anilksareen1,28,3,5
1yuricordova,28,2,5
1yuricordova,27,2,5
anilksareen1,30,3,5
hazdkmbxgene,30,3,5
hazdkmbxgene,28,3,5
hazdkmbxgene,27,3,5
hashedvc2121,30,9,5
hashedvc2121,28,9,5
hashedvc2121,27,9,5
laurenseosio,27,1,5
laurenseosio,28,1,5
laurenseosio,30,1,5
shahargluska,30,1,5
hazdkmbxgene,31,3,6
cry2211sub11,36,9,6
hazdkmbxgene,36,3,6
ronaldcrypto,35,5,6
ronaldcrypto,34,5,6
ronaldcrypto,29,5,6
guztgnjyguge,35,2,6
guztgnjyguge,31,2,6
guztgnjyguge,29,2,6
guztgnjyguge,36,2,6
guztgnjyguge,34,2,6
peterm3rr13n,36,5,6
raskendrills,29,1,6
raskendrills,35,1,6
hakf355store,29,49,6
raskendrills,36,1,6
hakf355store,31,49,6
raskendrills,31,1,6
hakf355store,34,49,6
raskendrills,34,1,6
hakf355store,35,49,6
hakf355store,36,49,6
bastiaan1234,36,3,6
bastiaan1234,35,3,6
bastiaan1234,34,3,6
bastiaan1234,31,3,6
bastiaan1234,29,3,6
verige331133,36,1,6
verige331133,35,1,6
verige331133,34,1,6
verige331133,31,1,6
verige331133,29,1,6
gu3dkmbsgege,36,2,6
cabaret31111,36,1,6
cabaret31111,31,1,6
gu3dkmbsgege,34,2,6
gu3dkmbsgege,31,2,6
gu3dkmbsgege,29,2,6
offsummer123,35,3,6
offsummer123,36,3,6
offsummer123,31,3,6
houlmeman1ma,36,3,6
houlmeman1ma,35,3,6
houlmeman1ma,34,3,6
houlmeman1ma,31,3,6
houlmeman1ma,29,3,6
dsyffpw5s1go,29,3,6
dsyffpw5s1go,31,3,6
dsyffpw5s1go,34,3,6
dsyffpw5s1go,35,3,6
dsyffpw5s1go,36,3,6
trumpcrypto1,29,16,6
trumpcrypto1,31,16,6
trumpcrypto1,34,16,6
trumpcrypto1,35,16,6
hazdkmbxgene,35,3,6
trumpcrypto1,36,16,6
ruudstatucki,36,1,6
ruudstatucki,35,1,6
ruudstatucki,34,1,6
ruudstatucki,31,1,6
ruudstatucki,29,1,6
tropicalfish,34,3,6
tropicalfish,35,3,6
tropicalfish,31,3,6
tropicalfish,29,3,6
tropicalfish,36,3,6
gi2tamzzgege,36,9,6
gi2tamzzgege,35,9,6
gi2tamzzgege,34,9,6
gi2tamzzgege,31,9,6
gi2tamzzgege,29,9,6
vctcalwallet,36,1,6
vctcalwallet,35,1,6
eostytledger,36,3,6
vctcalwallet,34,1,6
vctcalwallet,31,1,6
vctcalwallet,29,1,6
eostytledger,34,3,6
eostytledger,31,3,6
eostytledger,29,3,6
alansss11111,35,3,6
eostytledger,35,3,6
alansss11111,29,3,6
alansss11111,36,3,6
alansss11111,34,3,6
peterm3rr13n,35,5,6
peterm3rr13n,34,5,6
efxnfxwallet,29,3,6
efxnfxwallet,31,3,6
efxnfxwallet,34,3,6
sw35xvedt5dd,36,5,6
sw35xvedt5dd,35,5,6
sw35xvedt5dd,34,5,6
sw35xvedt5dd,31,5,6
sw35xvedt5dd,29,5,6
efxnfxwallet,35,3,6
suddendeath1,35,3,6
suddendeath1,29,3,6
suddendeath1,36,3,6
suddendeath1,31,3,6
suddendeath1,34,3,6
efxnfxwallet,36,3,6
hawaiiangolf,36,1,6
hawaiiangolf,35,1,6
cryptkeeper1,36,3,6
cryptkeeper1,35,3,6
cryptkeeper1,34,3,6
phyletically,34,5,6
cryptkeeper1,31,3,6
cryptkeeper1,29,3,6
mystakedefx1,29,2,6
mystakedefx1,31,2,6
mystakedefx1,34,2,6
mystakedefx1,35,2,6
mystakedefx1,36,2,6
mikenatomike,29,2,6
mikenatomike,31,2,6
mikenatomike,34,2,6
mikenatomike,35,2,6
mikenatomike,36,2,6
5yzapcqnkjss,29,1,6
5yzapcqnkjss,31,1,6
5yzapcqnkjss,34,1,6
5yzapcqnkjss,35,1,6
5yzapcqnkjss,36,1,6
olabuczkowsk,36,2,6
polishzombie,36,5,6
polishzombie,35,5,6
ha4timjugqge,36,1,6
bushidomonk2,36,3,6
bushidomonk2,35,3,6
bushidomonk2,34,3,6
bushidomonk2,31,3,6
bushidomonk2,29,3,6
gy2danzsgege,36,16,6
gy2danzsgege,35,16,6
gy2danzsgege,34,16,6
gy2danzsgege,31,16,6
gy2danzsgege,29,16,6
bjjgray12345,29,5,6
bjjgray12345,31,5,6
bjjgray12345,34,5,6
bjjgray12345,35,5,6
jonathanchoy,36,2,6
jonathanchoy,35,2,6
jonathanchoy,34,2,6
swedeniceman,36,1,6
swedeniceman,35,1,6
jonathanchoy,29,2,6
jonathanchoy,31,2,6
djstrikanova,34,28,6
djstrikanova,36,28,6
deluccaefx13,36,2,6
djstrikanova,35,28,6
djstrikanova,31,28,6
djstrikanova,29,28,6
deluccaefx13,35,2,6
deluccaefx13,34,2,6
deluccaefx13,31,2,6
deluccaefx13,29,2,6
swedeniceman,31,1,6
swedeniceman,29,1,6
xrossxrosste,36,9,6
narestudios1,36,16,6
narestudios1,34,16,6
narestudios1,31,16,6
nicred.co,36,9,6
nicred.co,35,9,6
nicred.co,34,9,6
nicred.co,31,9,6
nicred.co,29,9,6
purpleclouds,36,9,6
purpleclouds,35,9,6
purpleclouds,34,9,6
purpleclouds,31,9,6
peterm3rr13n,31,5,6
peterm3rr13n,29,5,6
ecowaynigeri,36,1,6
ecowaynigeri,35,1,6
ecowaynigeri,34,1,6
ecowaynigeri,31,1,6
cabaret31111,35,1,6
eko332dxbmnl,36,1,6
eko332dxbmnl,35,1,6
eko332dxbmnl,34,1,6
eko332dxbmnl,31,1,6
eko332dxbmnl,29,1,6
cry2211sub11,34,9,6
cry2211sub11,31,9,6
cry2211sub11,29,9,6
ruudzandberg,36,2,6
ruudzandberg,35,2,6
ruudzandberg,29,2,6
ruudzandberg,34,2,6
hawaiiangolf,31,1,6
hawaiiangolf,29,1,6
ronaldcrypto,31,5,6
ronaldcrypto,36,5,6
mcmspaan1335,36,5,6
mcmspaan1335,35,5,6
mcmspaan1335,34,5,6
mcmspaan1335,29,5,6
mcmspaan1335,31,5,6
richardweals,36,5,6
richardweals,29,5,6
richardweals,31,5,6
richardweals,34,5,6
voorbestemde,36,9,6
tomhumphries,29,1,6
voorbestemde,35,9,6
voorbestemde,34,9,6
tomhumphries,31,1,6
voorbestemde,31,9,6
voorbestemde,29,9,6
tomhumphries,34,1,6
tomhumphries,35,1,6
tomhumphries,36,1,6
richardweals,35,5,6
phyletically,36,5,6
phyletically,35,5,6
phyletically,31,5,6
phyletically,29,5,6
thorshammer1,36,2,6
pepsoutrufus,36,1,6
pepsoutrufus,35,1,6
pepsoutrufus,31,1,6
pepsoutrufus,34,1,6
pepsoutrufus,29,1,6
mznaeosfunds,36,9,6
mznaeosfunds,35,9,6
mznaeosfunds,34,9,6
mznaeosfunds,31,9,6
mznaeosfunds,29,9,6
vipacevipace,36,3,6
xrossxrosste,35,9,6
jellesteen21,29,5,6
jellesteen21,31,5,6
jellesteen21,35,5,6
jellesteen21,34,5,6
jellesteen21,36,5,6
tanewifferen,29,2,6
tanewifferen,31,2,6
tanewifferen,34,2,6
tanewifferen,35,2,6
tanewifferen,36,2,6
eoseffectai1,31,2,6
eoseffectai1,34,2,6
eoseffectai1,35,2,6
eoseffectai1,36,2,6
mohamed12.m,29,2,6
mohamed12.m,31,2,6
hellojambo12,29,9,6
xrossxrosste,34,9,6
gm4dgnrzhege,35,1,6
gm4dgnrzhege,36,1,6
gm4dgnrzhege,34,1,6
vipacevipace,31,3,6
xrossxrosste,31,9,6
ha4timjugqge,35,1,6
seventhwave1,36,5,6
seventhwave1,35,5,6
seventhwave1,34,5,6
seventhwave1,31,5,6
seventhwave1,29,5,6
shanurrahman,29,1,6
shanurrahman,31,1,6
shanurrahman,34,1,6
offsummer123,29,3,6
offsummer123,34,3,6
narestudios1,35,16,6
narestudios1,29,16,6
d1gitalon3o5,36,5,6
d1gitalon3o5,35,5,6
d1gitalon3o5,34,5,6
d1gitalon3o5,31,5,6
d1gitalon3o5,29,5,6
xrossxrosste,29,9,6
cryptonode42,34,1,6
cryptonode42,35,1,6
cryptonode42,31,1,6
cryptonode42,36,1,6
cryptonode42,29,1,6
flobrand3525,36,5,6
elhoutbaraaa,36,2,6
elhoutbaraaa,35,2,6
elhoutbaraaa,34,2,6
elhoutbaraaa,31,2,6
elhoutbaraaa,29,2,6
flobrand3525,35,5,6
flobrand3525,34,5,6
flobrand3525,31,5,6
flobrand3525,29,5,6
gu3dkmbsgege,35,2,6
niekniekniek,29,1,6
niekniekniek,31,1,6
niekniekniek,34,1,6
niekniekniek,35,1,6
niekniekniek,36,1,6
ha4timjugqge,31,1,6
djlovejuicex,31,1,6
djlovejuicex,35,1,6
vipacevipace,34,3,6
mohamed12.m,36,2,6
mohamed12.m,35,2,6
mohamed12.m,34,2,6
tokenswapbot,29,2,6
wissevw12345,35,16,6
wissevw12345,29,16,6
wissevw12345,34,16,6
grimtown1111,31,5,6
rmblockchain,36,2,6
rmblockchain,35,2,6
rmblockchain,34,2,6
rmblockchain,31,2,6
rmblockchain,29,2,6
grimtown1111,36,5,6
grimtown1111,35,5,6
grimtown1111,34,5,6
grimtown1111,29,5,6
nechibubeos3,36,9,6
nechibubeos3,35,9,6
nechibubeos3,34,9,6
nechibubeos3,31,9,6
nechibubeos3,29,9,6
hellojambo12,36,9,6
hellojambo12,35,9,6
hellojambo12,34,9,6
orhlasvegas1,31,1,6
coincassocom,36,2,6
coincassocom,35,2,6
vipacevipace,35,3,6
anilksareen1,36,3,6
mahavakyaste,36,3,6
mahavakyaste,35,3,6
coincassocom,34,2,6
aypdvdwjazop,36,2,6
aypdvdwjazop,29,2,6
aypdvdwjazop,31,2,6
aypdvdwjazop,34,2,6
aypdvdwjazop,35,2,6
yellow.co,29,1,6
yellow.co,31,1,6
yellow.co,34,1,6
gm4dgnrzhege,29,1,6
orhlasvegas1,35,1,6
vipacevipace,29,3,6
swedeniceman,34,1,6
eoseffectai1,29,2,6
olabuczkowsk,29,2,6
olabuczkowsk,31,2,6
polishzombie,29,5,6
polishzombie,31,5,6
polishzombie,34,5,6
coincassocom,31,2,6
coincassocom,29,2,6
gsandrew2325,36,9,6
gsandrew2325,35,9,6
gsandrew2325,34,9,6
gsandrew2325,31,9,6
gsandrew2325,29,9,6
marcsaccount,35,3,6
thorshammer1,35,2,6
marcsaccount,36,3,6
thorshammer1,34,2,6
marcsaccount,34,3,6
marcsaccount,31,3,6
thorshammer1,31,2,6
thorshammer1,29,2,6
marcsaccount,29,3,6
1yuricordova,29,2,6
1yuricordova,31,2,6
1yuricordova,34,2,6
1yuricordova,36,2,6
1yuricordova,35,2,6
stephtv.xyz,36,1,6
brianbax1111,29,1,6
stephtv.xyz,35,1,6
stephtv.xyz,34,1,6
stephtv.xyz,31,1,6
stephtv.xyz,29,1,6
ruudzandberg,31,2,6
anilksareen1,35,3,6
anilksareen1,34,3,6
anilksareen1,31,3,6
anilksareen1,29,3,6
olabuczkowsk,34,2,6
olabuczkowsk,35,2,6
elohexj11111,34,1,6
purpleclouds,29,9,6
ha4timjugqge,34,1,6
eostytledger,38,2,7
eostytledger,37,2,7
hazdkmbxgene,37,3,7
hazdkmbxgene,38,3,7
ruudstatucki,38,1,7
vctcalwallet,38,1,7
ruudstatucki,37,1,7
vctcalwallet,37,1,7
tropicalfish,38,3,7
tropicalfish,37,3,7
dsyffpw5s1go,37,3,7
dsyffpw5s1go,38,3,7
guztgnjyguge,37,2,7
guztgnjyguge,38,2,7
mystakedefx1,37,2,7
verige331133,38,1,7
verige331133,37,1,7
mystakedefx1,38,2,7
narestudios1,38,16,7
ecowaynigeri,37,1,7
narestudios1,37,16,7
ecowaynigeri,38,1,7
peterm3rr13n,37,5,7
cry2211sub11,37,9,7
cry2211sub11,38,9,7
hakf355store,38,49,7
hakf355store,37,49,7
houlmeman1ma,38,3,7
houlmeman1ma,37,3,7
tomledger111,38,1,7
tomledger111,37,1,7
purpleclouds,38,9,7
purpleclouds,37,9,7
raskendrills,37,1,7
raskendrills,38,1,7
efxnfxwallet,37,3,7
efxnfxwallet,38,3,7
jonathanchoy,38,2,7
jonathanchoy,37,2,7
deluccaefx13,38,2,7
deluccaefx13,37,2,7
mikenatomike,38,2,7
mikenatomike,37,2,7
peterm3rr13n,38,5,7
alansss11111,37,3,7
alansss11111,38,3,7
tomhumphries,37,1,7
tomhumphries,38,1,7
mohamed12.m,37,2,7
xrossxrosste,37,9,7
mohamed12.m,38,2,7
xrossxrosste,38,9,7
thorshammer1,38,2,7
thorshammer1,37,2,7
bastiaan1234,37,3,7
bastiaan1234,38,3,7
rensdeweert2,38,2,7
trumpcrypto1,38,16,7
trumpcrypto1,37,16,7
bushidomonk2,38,3,7
bushidomonk2,37,3,7
cryptkeeper1,38,3,7
cryptkeeper1,37,3,7
eoseffectai1,38,2,7
gi2tamzzgege,38,9,7
gi2tamzzgege,37,9,7
hawaiiangolf,37,1,7
1yuricordova,37,2,7
1yuricordova,38,2,7
rmblockchain,37,2,7
rmblockchain,38,2,7
gu3dkmbsgege,37,2,7
gu3dkmbsgege,38,2,7
sw35xvedt5dd,38,9,7
sw35xvedt5dd,37,9,7
offsummer123,38,3,7
offsummer123,37,3,7
ronaldcrypto,37,9,7
ronaldcrypto,38,9,7
5yzapcqnkjss,37,1,7
5yzapcqnkjss,38,1,7
seventhwave1,38,5,7
seventhwave1,37,5,7
aypdvdwjazop,38,2,7
aypdvdwjazop,37,2,7
stephtv.xyz,37,1,7
stephtv.xyz,38,1,7
gm4dgnrzhege,38,1,7
gm4dgnrzhege,37,1,7
nicred.co,38,9,7
nicred.co,37,9,7
anilksareen1,37,3,7
anilksareen1,38,3,7
mznaeosfunds,38,9,7
mznaeosfunds,37,9,7
szutyanka111,38,1,7
szutyanka111,37,1,7
djstrikanova,38,28,7
djstrikanova,37,28,7
richardweals,38,9,7
richardweals,37,9,7
voorbestemde,38,9,7
voorbestemde,37,9,7
phyletically,38,5,7
phyletically,37,5,7
gy2danzsgege,38,16,7
gy2danzsgege,37,16,7
gsandrew2325,38,9,7
gsandrew2325,37,9,7
eko332dxbmnl,38,1,7
eko332dxbmnl,37,1,7
suddendeath1,38,3,7
suddendeath1,37,3,7
yellow.co,38,1,7
johnatboid11,38,1,7
johnatboid11,37,1,7
orhlasvegas1,38,1,7
mcmspaan1335,37,5,7
mcmspaan1335,38,5,7
bjjgray12345,38,5,7
eoseffectai1,37,2,7
nechibubeos3,38,9,7
nechibubeos3,37,9,7
e213o213s213,38,1,7
polishzombie,38,5,7
swedeniceman,37,1,7
swedeniceman,38,1,7
elhoutbaraaa,38,2,7
elhoutbaraaa,37,2,7
flobrand3525,37,5,7
flobrand3525,38,5,7
pepsoutrufus,37,1,7
pepsoutrufus,38,1,7
vipacevipace,37,3,7
coincassocom,38,2,7
bjjgray12345,37,5,7
polishzombie,37,5,7
d1gitalon3o5,38,5,7
d1gitalon3o5,37,5,7
elohexj11111,38,1,7
olabuczkowsk,38,2,7
hellojambo12,38,9,7
coincassocom,37,2,7
ruudzandberg,38,2,7
ruudzandberg,37,2,7
orhlasvegas1,37,1,7
hashedvc2121,38,9,7
hashedvc2121,37,9,7
shahargluska,37,1,7
shahargluska,38,1,7
djlovejuicex,37,1,7
marcsaccount,38,3,7
marcsaccount,37,3,7
jellesteen21,37,5,7
jellesteen21,38,5,7
grimtown1111,38,5,7
grimtown1111,37,5,7
laurenseosio,37,1,7
laurenseosio,38,1,7
cryptonode42,37,1,7
cryptonode42,38,1,7
extemporized,38,1,7
extemporized,37,1,7
yellow.co,37,1,7
verige331133,25,2,8
tomledger111,39,1,8
verige331133,39,2,8
alansss11111,39,5,8
alansss11111,25,5,8
phyletically,39,5,8
cry2211sub11,39,9,8
cry2211sub11,25,9,8
hazdkmbxgene,39,3,8
ruudstatucki,39,1,8
ruudstatucki,25,1,8
dsyffpw5s1go,25,3,8
dsyffpw5s1go,39,3,8
mohamed12.m,39,2,8
mohamed12.m,25,2,8
phyletically,25,5,8
voorbestemde,25,9,8
voorbestemde,39,9,8
mcmspaan1335,39,5,8
mcmspaan1335,25,5,8
mystakedefx1,39,2,8
mystakedefx1,25,2,8
trumpcrypto1,39,16,8
trumpcrypto1,25,16,8
tropicalfish,25,3,8
tropicalfish,39,3,8
sw35xvedt5dd,39,9,8
sw35xvedt5dd,25,9,8
tomhumphries,25,1,8
tomhumphries,39,1,8
efxnfxwallet,39,3,8
efxnfxwallet,25,3,8
eko332dxbmnl,25,1,8
eko332dxbmnl,39,1,8
narestudios1,39,16,8
purpleclouds,25,9,8
purpleclouds,39,9,8
xrossxrosste,25,9,8
xrossxrosste,39,9,8
hashedvc2121,25,9,8
hashedvc2121,39,9,8
ronaldcrypto,39,9,8
ronaldcrypto,25,9,8
richardweals,39,9,8
richardweals,25,9,8
vctcalwallet,39,1,8
vctcalwallet,25,1,8
houlmeman1ma,25,3,8
swedespade12,25,5,8
swedespade12,39,5,8
houlmeman1ma,39,3,8
buddhaman111,25,1,8
buddhaman111,39,1,8
polishzombie,39,5,8
polishzombie,25,5,8
olabuczkowsk,25,2,8
olabuczkowsk,39,2,8
coincassocom,39,2,8
mikenatomike,39,2,8
mikenatomike,25,2,8
deluccaefx13,39,2,8
deluccaefx13,25,2,8
hawaiiangolf,25,1,8
hawaiiangolf,39,1,8
sancrypto.tp,39,1,8
sancrypto.tp,25,1,8
ecowaynigeri,39,1,8
ecowaynigeri,25,1,8
mznaeosfunds,39,9,8
mznaeosfunds,25,9,8
jonathanchoy,25,2,8
djstrikanova,25,28,8
gi2tamzzgege,25,9,8
gi2tamzzgege,39,9,8
jonathanchoy,39,2,8
offsummer123,25,3,8
offsummer123,39,3,8
bushidomonk2,39,3,8
bushidomonk2,25,3,8
nicred.co,39,9,8
nicred.co,25,9,8
shahargluska,25,1,8
shahargluska,39,1,8
ruudzandberg,39,2,8
ruudzandberg,25,2,8
flobrand3525,39,5,8
raskendrills,39,1,8
raskendrills,25,1,8
cryptonode42,39,1,8
suddendeath1,25,3,8
suddendeath1,39,3,8
johnatboid11,39,1,8
johnatboid11,25,1,8
scarletalpha,25,3,8
scarletalpha,39,3,8
gy2danzsgege,39,16,8
gy2danzsgege,25,16,8
peterm3rr13n,25,5,8
peterm3rr13n,39,5,8
e213o213s213,25,1,8
e213o213s213,39,1,8
swedeniceman,25,1,8
swedeniceman,39,1,8
vipacevipace,39,3,8
vipacevipace,25,3,8
flobrand3525,25,5,8
marcsaccount,25,3,8
marcsaccount,39,3,8
orhlasvegas1,39,1,8
orhlasvegas1,25,1,8
seventhwave1,25,5,8
seventhwave1,39,5,8
nechibubeos3,39,9,8
nechibubeos3,25,9,8
hellojambo12,25,9,8
hellojambo12,39,9,8
jellesteen21,25,5,8
jellesteen21,39,5,8
1yuricordova,25,2,8
1yuricordova,39,2,8
niekniekniek,25,1,8
cryptonode42,25,1,8
thorshammer1,25,2,8
thorshammer1,39,2,8
gsandrew2325,39,9,8
gsandrew2325,25,9,8
anilksareen1,25,3,8
bastiaan1234,25,3,8
bastiaan1234,39,3,8
cryptkeeper1,25,5,8
cryptkeeper1,39,5,8
gu3dkmbsgege,39,2,8
gu3dkmbsgege,25,2,8
szutyanka111,25,1,8
szutyanka111,39,1,8
coincassocom,25,2,8
gq3dsnbugage,39,1,8
gm4dgnrzhege,39,1,8
gm4dgnrzhege,25,1,8
eoseffectai1,39,2,8
eoseffectai1,25,2,8
elhoutbaraaa,39,2,8
elhoutbaraaa,25,2,8
yellow.co,39,1,8
yellow.co,25,1,8
anilksareen1,39,3,8
brianbax1111,39,1,8
brianbax1111,25,1,8
gq3dsnbugage,25,1,8
guztgnjyguge,25,2,8
guztgnjyguge,39,2,8
5yzapcqnkjss,39,1,8
5yzapcqnkjss,25,1,8
stephtv.xyz,39,1,8
stephtv.xyz,25,1,8
tomledger111,25,1,8
aypdvdwjazop,25,2,8
aypdvdwjazop,39,2,8
elohexj11111,25,1,8
elohexj11111,39,1,8
rmblockchain,39,2,8
rmblockchain,25,2,8
xrossxrosste,40,9,9
trumpcrypto1,40,16,9
gi2tamzzgege,40,9,9
cryptkeeper1,40,5,9
elohexj11111,40,1,9
gy2danzsgege,40,16,9
gsandrew2325,40,9,9
verige331133,40,2,9
sw35xvedt5dd,40,9,9
ruudstatucki,40,1,9
ecowaynigeri,40,1,9
tropicalfish,40,3,9
deluccaefx13,40,2,9
djstrikanova,40,28,9
eko332dxbmnl,40,1,9
purpleclouds,40,9,9
nicred.co,40,9,9
cry2211sub11,40,9,9
dsyffpw5s1go,40,3,9
swedespade12,40,5,9
vctcalwallet,40,1,9
alansss11111,40,5,9
mystakedefx1,40,2,9
raskendrills,40,1,9
nechibubeos3,40,9,9
marcsaccount,40,3,9
suddendeath1,40,3,9
scarletalpha,40,3,9
houlmeman1ma,40,3,9
efxnfxwallet,40,3,9
mikenatomike,40,2,9
hashedvc2121,40,9,9
e213o213s213,40,1,9
bushidomonk2,40,3,9
flobrand3525,40,5,9
jonathanchoy,40,2,9
richardweals,40,9,9
hakf355store,40,49,9
olabuczkowsk,40,2,9
polishzombie,40,5,9
elhoutbaraaa,40,2,9
narestudios1,40,16,9
aypdvdwjazop,40,2,9
1yuricordova,40,2,9
peterm3rr13n,40,5,9
offsummer123,40,3,9
coincassocom,40,2,9
5yzapcqnkjss,40,3,9
seventhwave1,40,5,9
tomhumphries,40,1,9
swedeniceman,40,1,9
hazdkmbxgene,40,5,9
stephtv.xyz,40,1,9
vipacevipace,40,3,9
mznaeosfunds,40,9,9
mcmspaan1335,40,5,9
buddhaman111,40,1,9
bastiaan1234,40,3,9
ruudzandberg,40,2,9
gu3dkmbsgege,40,2,9
djlovejuicex,40,1,9
guztgnjyguge,40,2,9
brianbax1111,40,1,9
tomledger111,40,1,9
orhlasvegas1,40,2,9
johnatboid11,40,1,9
rmblockchain,40,2,9
laurenseosio,40,1,9
grimtown1111,40,9,9
ronaldcrypto,40,9,9
eoseffectai1,40,2,9
bjjgray12345,40,9,9
mohamed12.m,40,2,9
phyletically,40,5,9
voorbestemde,40,9,9
thorshammer1,40,2,9
carnationcmz,40,9,9
hawaiiangolf,40,1,9
anilksareen1,40,3,9
shahargluska,40,1,9
verige331133,41,2,10
deluccaefx13,41,2,10
vctcalwallet,41,1,10
orhlasvegas1,41,2,10
dsyffpw5s1go,41,3,10
stephtv.xyz,41,1,10
trumpcrypto1,41,16,10
raskendrills,41,1,10
gq3dsnbugage,41,1,10
tropicalfish,41,3,10
xrossxrosste,41,9,10
houlmeman1ma,41,3,10
buddhaman111,41,1,10
ecowaynigeri,41,1,10
ruudstatucki,41,1,10
tomledger111,41,1,10
richardweals,41,16,10
gi2tamzzgege,41,16,10
sw35xvedt5dd,41,9,10
djstrikanova,41,28,10
gy2danzsgege,41,16,10
cryptkeeper1,41,5,10
grimtown1111,41,9,10
elhoutbaraaa,41,2,10
peterm3rr13n,41,5,10
bastiaan1234,41,3,10
cry2211sub11,41,9,10
alansss11111,41,5,10
mcmspaan1335,41,5,10
suddendeath1,41,3,10
eko332dxbmnl,41,1,10
thorshammer1,41,2,10
mikenatomike,41,2,10
purpleclouds,41,9,10
bushidomonk2,41,3,10
e213o213s213,41,1,10
1yuricordova,41,2,10
mznaeosfunds,41,9,10
tomhumphries,41,1,10
5yzapcqnkjss,41,3,10
hazdkmbxgene,41,5,10
elohexj11111,41,1,10
swedeniceman,41,1,10
vipacevipace,41,3,10
jonathanchoy,41,2,10
hashedvc2121,41,9,10
ronaldcrypto,41,9,10
flobrand3525,41,5,10
offsummer123,41,3,10
mystakedefx1,41,2,10
seventhwave1,41,5,10
marcsaccount,41,3,10
eoseffectai1,41,2,10
phyletically,41,5,10
voorbestemde,41,9,10
narestudios1,41,16,10
coincassocom,41,2,10
gu3dkmbsgege,41,2,10
nicred.co,41,9,10
johnatboid11,41,1,10
hakf355store,41,49,10
polishzombie,41,5,10
swedespade12,41,5,10
scarletalpha,41,5,10
hellojambo12,41,9,10
efxnfxwallet,41,3,10
estimate1111,41,1,10
guztgnjyguge,41,2,10
yellow.co,41,1,10
brianbax1111,41,1,10
aypdvdwjazop,41,2,10
rmblockchain,41,2,10
hawaiiangolf,41,1,10
cryptonode42,41,1,10
nechibubeos3,41,9,10
olabuczkowsk,41,2,10
shahargluska,41,1,10
mohamed12.m,41,2,10
carnationcmz,41,16,10
hazdkmbxgene,44,9,11
dsyffpw5s1go,44,3,11
bastiaan1234,43,3,11
dsyffpw5s1go,43,3,11
bastiaan1234,42,3,11
dsyffpw5s1go,42,3,11
bastiaan1234,44,3,11
buddhaman111,44,2,11
buddhaman111,42,2,11
buddhaman111,43,2,11
verige331133,42,2,11
verige331133,43,2,11
verige331133,44,2,11
houlmeman1ma,44,3,11
houlmeman1ma,43,3,11
houlmeman1ma,42,3,11
mcmspaan1335,43,5,11
cry2211sub11,42,9,11
suddendeath1,42,3,11
suddendeath1,43,3,11
cry2211sub11,43,9,11
suddendeath1,44,3,11
mcmspaan1335,44,5,11
cry2211sub11,44,9,11
mcmspaan1335,42,5,11
gi2tamzzgege,42,16,11
gi2tamzzgege,43,16,11
gi2tamzzgege,44,16,11
djstrikanova,44,28,11
djstrikanova,43,28,11
djstrikanova,42,28,11
trumpcrypto1,42,16,11
trumpcrypto1,43,16,11
trumpcrypto1,44,16,11
orhlasvegas1,44,2,11
orhlasvegas1,42,2,11
hakf355store,42,49,11
hakf355store,43,49,11
hakf355store,44,49,11
xrossxrosste,42,9,11
xrossxrosste,43,9,11
xrossxrosste,44,9,11
tropicalfish,43,3,11
tropicalfish,42,3,11
tropicalfish,44,3,11
gy2danzsgege,42,28,11
gy2danzsgege,43,28,11
gy2danzsgege,44,28,11
hazdkmbxgene,43,9,11
hazdkmbxgene,42,9,11
raskendrills,43,1,11
raskendrills,44,1,11
raskendrills,42,1,11
alansss11111,42,5,11
alansss11111,44,5,11
alansss11111,43,5,11
polishzombie,42,5,11
polishzombie,43,5,11
polishzombie,44,5,11
cryptkeeper1,44,5,11
cryptkeeper1,43,5,11
cryptkeeper1,42,5,11
sw35xvedt5dd,42,9,11
sw35xvedt5dd,43,9,11
sw35xvedt5dd,44,9,11
scarletalpha,44,5,11
bushidomonk2,42,3,11
scarletalpha,43,5,11
bushidomonk2,43,3,11
scarletalpha,42,5,11
bushidomonk2,44,3,11
offsummer123,44,3,11
offsummer123,42,3,11
purpleclouds,44,9,11
ruudstatucki,44,1,11
ruudstatucki,43,1,11
ruudstatucki,42,1,11
vctcalwallet,44,2,11
vctcalwallet,43,2,11
vctcalwallet,42,2,11
jellesteen21,42,5,11
jellesteen21,43,5,11
jellesteen21,44,5,11
ronaldcrypto,42,9,11
ronaldcrypto,43,9,11
ronaldcrypto,44,9,11
deluccaefx13,42,2,11
deluccaefx13,43,2,11
deluccaefx13,44,2,11
gm4dgnrzhege,42,1,11
1yuricordova,42,2,11
1yuricordova,43,2,11
1yuricordova,44,2,11
gm4dgnrzhege,43,1,11
gm4dgnrzhege,44,1,11
ecowaynigeri,42,1,11
ecowaynigeri,43,1,11
vipacevipace,42,3,11
vipacevipace,43,3,11
vipacevipace,44,3,11
e213o213s213,42,1,11
e213o213s213,43,1,11
e213o213s213,44,1,11
estimate1111,44,1,11
estimate1111,43,1,11
estimate1111,42,1,11
brianbax1111,42,1,11
brianbax1111,43,1,11
brianbax1111,44,1,11
coincassocom,44,2,11
olabuczkowsk,44,2,11
olabuczkowsk,43,2,11
olabuczkowsk,42,2,11
richardweals,44,16,11
richardweals,43,16,11
richardweals,42,16,11
gq3dsnbugage,44,1,11
gq3dsnbugage,43,1,11
jonathanchoy,42,2,11
jonathanchoy,43,2,11
jonathanchoy,44,2,11
eoseffectai1,42,2,11
eoseffectai1,43,2,11
eoseffectai1,44,2,11
nicred.co,42,9,11
nicred.co,43,9,11
nicred.co,44,9,11
eko332dxbmnl,44,1,11
eko332dxbmnl,43,1,11
eko332dxbmnl,42,1,11
gu3dkmbsgege,42,2,11
gu3dkmbsgege,43,2,11
gu3dkmbsgege,44,2,11
nechibubeos3,44,9,11
nechibubeos3,43,9,11
nechibubeos3,42,9,11
mznaeosfunds,42,9,11
mznaeosfunds,43,9,11
mznaeosfunds,44,9,11
gq3dsnbugage,42,1,11
flobrand3525,43,5,11
flobrand3525,42,5,11
flobrand3525,44,5,11
stephan11111,44,1,11
stephan11111,43,1,11
stephan11111,42,1,11
mohamed12.m,42,2,11
mohamed12.m,43,2,11
mohamed12.m,44,2,11
tomledger111,42,1,11
tomledger111,43,1,11
tomledger111,44,1,11
stephtv.xyz,44,1,11
stephtv.xyz,43,1,11
stephtv.xyz,42,1,11
thorshammer1,43,2,11
thorshammer1,44,2,11
yellow.co,42,1,11
rmblockchain,42,2,11
rmblockchain,43,2,11
rmblockchain,44,2,11
phyletically,42,5,11
phyletically,43,5,11
phyletically,44,5,11
ruudzandberg,44,2,11
ruudzandberg,42,2,11
ruudzandberg,43,2,11
peterm3rr13n,42,5,11
peterm3rr13n,43,5,11
peterm3rr13n,44,5,11
elhoutbaraaa,44,2,11
elhoutbaraaa,43,2,11
elhoutbaraaa,42,2,11
voorbestemde,42,9,11
voorbestemde,43,9,11
voorbestemde,44,9,11
mystakedefx1,42,2,11
mystakedefx1,43,2,11
mystakedefx1,44,2,11
narestudios1,42,16,11
narestudios1,44,16,11
narestudios1,43,16,11
yellow.co,43,1,11
yellow.co,44,1,11
swedeniceman,42,1,11
swedeniceman,43,1,11
swedeniceman,44,1,11
guztgnjyguge,44,2,11
guztgnjyguge,43,2,11
guztgnjyguge,42,2,11
seventhwave1,44,5,11
seventhwave1,43,5,11
seventhwave1,42,5,11
5yzapcqnkjss,44,5,11
5yzapcqnkjss,43,5,11
5yzapcqnkjss,42,5,11
efxnfxwallet,42,3,11
efxnfxwallet,43,3,11
efxnfxwallet,44,3,11
carnationcmz,44,16,11
carnationcmz,43,16,11
carnationcmz,42,16,11
shahargluska,44,1,11
shahargluska,43,1,11
shahargluska,42,1,11
mikenatomike,44,3,11
mikenatomike,43,3,11
mikenatomike,42,3,11
marcsaccount,44,3,11
marcsaccount,43,3,11
marcsaccount,42,3,11
anilksareen1,42,3,11
anilksareen1,43,3,11
anilksareen1,44,3,11
johnatboid11,44,1,11
johnatboid11,43,1,11
johnatboid11,42,1,11
aypdvdwjazop,43,2,11
aypdvdwjazop,42,2,11
coincassocom,43,2,11
coincassocom,42,2,11
hazdkmbxgene,45,74379,12
cryptonode42,45,10005,12
buddhaman111,45,18497,12
buddhaman111,46,18284,12
hazdkmbxgene,46,92735,12
buddhaman111,47,18495,12
cryptonode42,46,10005,12
laurenseosio,47,10000,12
cryptonode42,47,10005,12
guztgnjyguge,47,15505,12
guztgnjyguge,45,15505,12
dsyffpw5s1go,45,41207,12
dsyffpw5s1go,46,41207,12
guztgnjyguge,46,15505,12
dsyffpw5s1go,47,41207,12
rochelle.ai,45,5911,12
richardweals,45,355312,12
richardweals,46,355315,12
djstrikanova,45,322275,12
splottingham,45,747,12
djstrikanova,46,322275,12
splottingham,46,747,12
djstrikanova,47,322275,12
xrossxrosste,45,74105,12
richardweals,47,355322,12
xrossxrosste,46,74105,12
xrossxrosste,47,74105,12
eoseffectai1,45,19615,12
eoseffectai1,46,19615,12
tropicalfish,47,40000,12
eoseffectai1,47,19615,12
tropicalfish,46,40000,12
tropicalfish,45,40000,12
rochelle.ai,46,5912,12
estimate1111,45,10251,12
estimate1111,46,10251,12
estimate1111,47,10251,12
ruudstatucki,45,10000,12
ruudstatucki,47,10000,12
bastiaan1234,47,28015,12
ruudstatucki,46,10000,12
hakf355store,47,219368,12
hakf355store,46,219368,12
hakf355store,45,219368,12
dzeividz..tp,47,93,12
dzeividz..tp,46,93,12
mystakedefx1,45,15505,12
houlmeman1ma,45,24042,12
mystakedefx1,46,15505,12
mystakedefx1,47,15505,12
houlmeman1ma,46,24042,12
houlmeman1ma,47,24042,12
mznaeosfunds,45,100070,12
mznaeosfunds,46,100070,12
mznaeosfunds,47,100489,12
tomledger111,45,10274,12
tomledger111,46,10274,12
deluccaefx13,45,19447,12
deluccaefx13,46,19447,12
deluccaefx13,47,19447,12
raskendrills,47,14704,12
raskendrills,45,14704,12
raskendrills,46,14704,12
verige331133,45,15510,12
verige331133,46,15510,12
verige331133,47,15510,12
gi2tamzzgege,45,129358,12
gi2tamzzgege,46,129358,12
gi2tamzzgege,47,129358,12
holgerwalter,47,1031,12
holgerwalter,46,1031,12
holgerwalter,45,1031,12
elbigyuyo123,47,4,12
elbigyuyo123,45,4,12
flobrand3525,47,37276,12
flobrand3525,46,37276,12
flobrand3525,45,37276,12
vctcalwallet,45,17920,12
vctcalwallet,46,17920,12
vctcalwallet,47,17920,12
iankarmaian1,45,3127,12
d1gitalon3o5,45,42059,12
mikenatomike,47,31510,12
cryptokoala1,47,2953,12
scarletalpha,47,56978,12
scarletalpha,46,56978,12
scarletalpha,45,56978,12
mikenatomike,46,31511,12
cryptokoala1,45,2953,12
cryptokoala1,46,2953,12
d1gitalon3o5,46,42059,12
mikenatomike,45,31511,12
d1gitalon3o5,47,42059,12
trumpcrypto1,45,190373,12
trumpcrypto1,46,190373,12
trumpcrypto1,47,190373,12
dreammaker23,45,4517,12
dreammaker23,46,4517,12
dreammaker23,47,4517,12
offsummer123,47,24041,12
offsummer123,45,24041,12
indigoluv.tp,45,32,12
indigoluv.tp,46,32,12
indigoluv.tp,47,32,12
gy2danzsgege,45,239143,12
gy2danzsgege,46,239143,12
gy2danzsgege,47,239143,12
cryptkeeper1,45,37285,12
cryptkeeper1,46,37285,12
cryptkeeper1,47,37285,12
elbigyuyo123,46,4,12
polishzombie,45,64060,12
polishzombie,46,64060,12
mcmspaan1335,46,37276,12
mcmspaan1335,45,37276,12
mcmspaan1335,47,37276,12
efxnfxwallet,45,37276,12
efxnfxwallet,46,37276,12
efxnfxwallet,47,37276,12
swedeniceman,45,10000,12
swedeniceman,46,10000,12
swedeniceman,47,10000,12
vipacevipace,47,30000,12
vipacevipace,46,30000,12
vipacevipace,45,30000,12
gq3dsnbugage,46,10000,12
gq3dsnbugage,45,10000,12
gq3dsnbugage,47,10000,12
brevicemjay1,47,1182,12
brevicemjay1,45,1182,12
gurdeepeos11,45,1598,12
gurdeepeos11,46,1598,12
gurdeepeos11,47,1598,12
bushidomonk2,45,27019,12
bushidomonk2,46,27019,12
bushidomonk2,47,27019,12
ronaldcrypto,45,60000,12
ronaldcrypto,46,60000,12
ronaldcrypto,47,60000,12
phyletically,47,37276,12
phyletically,46,37276,12
phyletically,45,37276,12
alansss11111,45,63074,12
alansss11111,47,63074,12
alansss11111,46,63075,12
hashedvc2121,47,77148,12
hashedvc2121,46,77148,12
hashedvc2121,45,77148,12
brianbax1111,45,10177,12
brianbax1111,46,10177,12
brianbax1111,47,10177,12
1yuricordova,45,19227,12
1yuricordova,46,19227,12
1yuricordova,47,19227,12
sw35xvedt5dd,45,90095,12
sw35xvedt5dd,46,90095,12
sw35xvedt5dd,47,90095,12
suddendeath1,45,37276,12
suddendeath1,46,37276,12
suddendeath1,47,37276,12
gmytomjsgige,45,35,12
gmytomjsgige,47,35,12
purpleclouds,45,58000,12
purpleclouds,46,58000,12
purpleclouds,47,58000,12
lynxstellify,47,7020,12
lynxstellify,46,7020,12
elhoutbaraaa,45,20024,12
lynxstellify,45,7020,12
elhoutbaraaa,46,20024,12
elhoutbaraaa,47,20024,12
stephan11111,45,10804,12
stephan11111,46,10804,12
stephan11111,47,10804,12
antesaccount,47,85,12
nicred.co,45,87417,12
nicred.co,46,87417,12
nicred.co,47,87417,12
jonathanchoy,45,17810,12
jonathanchoy,46,17810,12
jonathanchoy,47,17810,12
dreamchaser5,45,1769,12
dreamchaser5,46,1769,12
dreamchaser5,47,1769,12
avecesare255,47,62,12
avecesare255,45,62,12
ruudzandberg,45,16335,12
offsummer123,46,24041,12
ruudzandberg,47,16335,12
ruudzandberg,46,16335,12
trivmnguyen5,47,1497,12
akshayraoch1,45,6,12
akshayraoch1,46,6,12
akshayraoch1,47,6,12
peterm3rr13n,45,38379,12
peterm3rr13n,46,38379,12
peterm3rr13n,47,38379,12
bjjgray12345,47,58922,12
bjjgray12345,46,58922,12
eos11alchemy,45,2500,12
eos11alchemy,46,2500,12
xcryptonitax,47,915,12
thorshammer1,45,15505,12
orhlasvegas1,47,15554,12
orhlasvegas1,46,15554,12
orhlasvegas1,45,15554,12
xcryptonitax,45,915,12
xcryptonitax,46,915,12
splottingham,47,761,12
trekperience,45,115,12
trekperience,47,115,12
trekperience,46,115,12
tomledger111,47,10274,12
cry2211sub11,47,89615,12
cry2211sub11,46,89615,12
cry2211sub11,45,89615,12
nechibubeos3,47,100924,12
nechibubeos3,46,100924,12
nechibubeos3,45,100924,12
adobososa212,45,5745,12
seventhwave1,45,45000,12
seventhwave1,46,45000,12
seventhwave1,47,45000,12
eko332dxbmnl,47,10000,12
eko332dxbmnl,46,10000,12
eko332dxbmnl,45,10000,12
eos11alchemy,47,2500,12
effectai1153,45,2,12
effectai1153,47,2,12
flawlessvic1,47,557,12
polishzombie,47,64060,12
olabuczkowsk,45,20572,12
e213o213s213,47,10128,12
olabuczkowsk,46,20572,12
e213o213s213,46,10128,12
olabuczkowsk,47,20572,12
e213o213s213,45,10128,12
flawlessvic1,45,277,12
gu3dkmbsgege,45,15505,12
elohexj11111,46,10453,12
pursang13you,45,26,12
hazdkmbxgene,47,92735,12
raifandgo.tp,47,50,12
narestudios1,45,110507,12
narestudios1,46,110507,12
narestudios1,47,110507,12
josephyoucef,47,279,12
josephyoucef,46,279,12
aypdvdwjazop,47,15509,12
aypdvdwjazop,45,15509,12
aypdvdwjazop,46,15509,12
mohamed12.m,45,15525,12
mohamed12.m,46,15525,12
mohamed12.m,47,15525,12
raifandgo.tp,46,50,12
raifandgo.tp,45,50,12
miggysmallz1,47,20,12
swedespade12,45,37278,12
mirageddarin,45,60,12
mirageddarin,46,60,12
mirageddarin,47,60,12
gmytomjsgige,46,35,12
jellesteen21,45,39111,12
jellesteen21,47,39111,12
jellesteen21,46,39111,12
coincassocom,45,28000,12
coincassocom,46,28000,12
coincassocom,47,28000,12
gu3dkmbsgege,46,15505,12
gu3dkmbsgege,47,15505,12
boraboraxxxx,47,479,12
voorbestemde,47,57797,12
voorbestemde,46,57797,12
voorbestemde,45,57797,12
estebanogazo,47,32,12
estebanogazo,45,32,12
estebanogazo,46,32,12
anilksareen1,45,24041,12
anilksareen1,46,24041,12
anilksareen1,47,24041,12
carnationcmz,45,100879,12
carnationcmz,46,100879,12
carnationcmz,47,100879,12
stephtv.xyz,47,11564,12
stephtv.xyz,46,11564,12
stephtv.xyz,45,11564,12
shahargluska,45,10045,12
shahargluska,46,10045,12
shahargluska,47,10045,12
marcsaccount,45,24041,12
marcsaccount,46,24041,12
marcsaccount,47,24041,12
iankarmaian1,47,3127,12
rochelle.ai,47,6055,12
tokenswapbot,45,36568,12
tokenswapbot,46,36568,12
tokenswapbot,47,36568,12
ezyforfrnzex,47,64,12
ezyforfrnzex,45,64,12
ezyforfrnzex,46,64,12
g44damzsgqge,45,56,12
g44damzsgqge,47,56,12
g44damzsgqge,46,56,12
agnesaccount,45,3103,12
agnesaccount,46,3103,12
agnesaccount,47,3103,12
johnatboid11,45,10579,12
johnatboid11,46,10579,12
johnatboid11,47,10579,12
gi4tgmbtgige,45,4372,12
guztgnjyguge,48,15505,13
guztgnjyguge,49,15505,13
guztgnjyguge,50,15505,13
verige331133,48,19514,13
verige331133,49,19514,13
verige331133,50,19514,13
mirageddarin,50,106,13
mirageddarin,49,106,13
mirageddarin,48,106,13
flawlessvic1,48,580,13
flawlessvic1,49,580,13
tomledger111,48,10308,13
gi2tamzzgege,48,134167,13
gi2tamzzgege,49,134167,13
gi2tamzzgege,50,134167,13
holgerwalter,48,1031,13
holgerwalter,49,1031,13
holgerwalter,50,1031,13
dsyffpw5s1go,48,42061,13
dsyffpw5s1go,49,42061,13
dsyffpw5s1go,50,42061,13
trumpcrypto1,48,192074,13
trumpcrypto1,49,192074,13
trumpcrypto1,50,192074,13
mystakedefx1,48,15505,13
mystakedefx1,49,15505,13
mystakedefx1,50,15505,13
sw35xvedt5dd,48,90377,13
sw35xvedt5dd,49,90377,13
sw35xvedt5dd,50,90377,13
purpleclouds,48,58000,13
purpleclouds,49,58000,13
purpleclouds,50,58000,13
estebanogazo,50,32,13
estebanogazo,48,32,13
gy2danzsgege,48,243740,13
gy2danzsgege,49,243740,13
gy2danzsgege,50,243740,13
vctcalwallet,48,18359,13
vctcalwallet,49,18359,13
vctcalwallet,50,18359,13
tropicalfish,48,40000,13
tropicalfish,49,40000,13
tropicalfish,50,40000,13
scarletalpha,49,60197,13
scarletalpha,50,60197,13
scarletalpha,48,60198,13
indigoluv.tp,48,32,13
indigoluv.tp,49,32,13
indigoluv.tp,50,32,13
djstrikanova,48,332291,13
djstrikanova,49,332291,13
djstrikanova,50,332291,13
1yuricordova,48,19227,13
1yuricordova,49,19227,13
1yuricordova,50,19227,13
gurdeepeos11,48,1598,13
gurdeepeos11,49,1598,13
gurdeepeos11,50,1598,13
xrossxrosste,48,74105,13
xrossxrosste,49,74105,13
xrossxrosste,50,74105,13
brevicemjay1,48,1182,13
brevicemjay1,49,1182,13
brevicemjay1,50,1182,13
raifandgo.tp,48,154,13
raifandgo.tp,49,154,13
raifandgo.tp,50,154,13
lynxstellify,48,7020,13
peterm3rr13n,48,38379,13
peterm3rr13n,49,38379,13
peterm3rr13n,50,38379,13
houlmeman1ma,48,24042,13
houlmeman1ma,49,24042,13
houlmeman1ma,50,24042,13
pursang13you,48,36,13
alansss11111,48,65065,13
alansss11111,49,65065,13
alansss11111,50,65065,13
cry2211sub11,50,89615,13
cry2211sub11,49,89615,13
cry2211sub11,48,89615,13
bushidomonk2,48,27019,13
bushidomonk2,49,27019,13
bushidomonk2,50,27019,13
nishanshetty,48,17,13
nishanshetty,49,17,13
nishanshetty,50,17,13
e213o213s213,50,10128,13
e213o213s213,49,10128,13
e213o213s213,48,10128,13
swedeniceman,48,10000,13
swedeniceman,49,10000,13
swedeniceman,50,10000,13
cryptokoala1,48,2953,13
cryptokoala1,49,2953,13
cryptokoala1,50,2953,13
mohamed12.m,48,15525,13
mohamed12.m,49,15525,13
mohamed12.m,50,15525,13
mikenatomike,48,37962,13
mikenatomike,49,37962,13
mikenatomike,50,37962,13
johnatboid11,48,10612,13
johnatboid11,50,10612,13
gu3dkmbsgege,48,15505,13
gu3dkmbsgege,49,15505,13
gu3dkmbsgege,50,15505,13
worker111111,49,2929,13
polishzombie,48,65713,13
andeoswallet,48,2795,13
andeoswallet,49,2795,13
andeoswallet,50,2795,13
nicred.co,48,87417,13
nicred.co,49,87417,13
nicred.co,50,87417,13
deluccaefx13,48,19447,13
deluccaefx13,49,19447,13
deluccaefx13,50,19447,13
raskendrills,48,15234,13
raskendrills,49,15234,13
raskendrills,50,15234,13
gq3dsnbugage,48,10000,13
gq3dsnbugage,49,10000,13
gq3dsnbugage,50,10000,13
flobrand3525,48,37276,13
flobrand3525,49,37276,13
flobrand3525,50,37276,13
offsummer123,48,27113,13
offsummer123,49,27113,13
stephtv.xyz,48,11564,13
stephtv.xyz,49,11564,13
stephtv.xyz,50,11564,13
gi4tgmbtgige,50,4372,13
richardweals,48,379109,13
richardweals,49,379112,13
richardweals,50,379116,13
thorshammer1,48,15505,13
thorshammer1,50,15505,13
thorshammer1,49,15505,13
jonathanchoy,48,17810,13
jonathanchoy,49,17810,13
jonathanchoy,50,17810,13
eko332dxbmnl,48,10000,13
eko332dxbmnl,49,10000,13
eko332dxbmnl,50,10000,13
aypdvdwjazop,48,15509,13
aypdvdwjazop,49,15509,13
aypdvdwjazop,50,15509,13
ronaldcrypto,48,70000,13
ronaldcrypto,49,70000,13
ronaldcrypto,50,70000,13
orhlasvegas1,50,15554,13
eoseffectai1,48,22271,13
eoseffectai1,49,22271,13
eoseffectai1,50,22271,13
orhlasvegas1,49,15554,13
miggysmallz1,49,20,13
orhlasvegas1,48,15554,13
miggysmallz1,50,20,13
miggysmallz1,48,20,13
hashedvc2121,50,77148,13
hashedvc2121,49,77148,13
hashedvc2121,48,77148,13
eos11alchemy,48,2500,13
eos11alchemy,49,2500,13
eos11alchemy,50,2500,13
elbigyuyo123,50,4,13
elbigyuyo123,49,4,13
elbigyuyo123,48,4,13
elhoutbaraaa,48,20900,13
elhoutbaraaa,49,20900,13
elhoutbaraaa,50,20900,13
hazdkmbxgene,48,92735,13
hazdkmbxgene,49,92735,13
hazdkmbxgene,50,92735,13
5yzapcqnkjss,49,37276,13
5yzapcqnkjss,50,37276,13
efxnfxwallet,48,37276,13
efxnfxwallet,49,37276,13
efxnfxwallet,50,37276,13
boraboraxxxx,48,479,13
boraboraxxxx,50,479,13
of5p3x14msmx,50,407,13
cryptkeeper1,48,37285,13
cryptkeeper1,49,37285,13
cryptkeeper1,50,37285,13
mznaeosfunds,48,100489,13
mznaeosfunds,49,100489,13
mznaeosfunds,50,100489,13
seventhwave1,48,45000,13
seventhwave1,49,45000,13
seventhwave1,50,45000,13
dreammaker23,48,4517,13
dreammaker23,49,4517,13
dreammaker23,50,4517,13
marlonmarlon,48,12347,13
marlonmarlon,49,12347,13
kevinwallet2,48,606,13
kevinwallet2,49,606,13
kevinwallet2,50,606,13
mcmspaan1335,50,37276,13
mcmspaan1335,49,37276,13
mcmspaan1335,48,37276,13
iankarmaian1,49,3132,13
xcryptonitax,48,915,13
xcryptonitax,49,915,13
xcryptonitax,50,915,13
tomledger111,49,10308,13
tomledger111,50,10308,13
carnationcmz,48,100879,13
carnationcmz,49,100879,13
carnationcmz,50,100879,13
polishzombie,49,65760,13
polishzombie,50,65760,13
olabuczkowsk,48,21172,13
olabuczkowsk,49,21172,13
olabuczkowsk,50,21172,13
nechibubeos3,48,103990,13
nechibubeos3,49,103990,13
nechibubeos3,50,103990,13
estimate1111,48,10251,13
estimate1111,49,10251,13
estimate1111,50,10251,13
suddendeath1,48,20000,13
suddendeath1,49,20000,13
suddendeath1,50,20000,13
gm4dgnrzhege,48,14241,13
gm4dgnrzhege,49,14241,13
gm4dgnrzhege,50,14241,13
anilksareen1,48,24041,13
anilksareen1,49,24041,13
anilksareen1,50,24041,13
ruudstatucki,48,10000,13
ruudstatucki,49,10000,13
ruudstatucki,50,10000,13
coincassocom,48,29310,13
coincassocom,49,29310,13
coincassocom,50,29310,13
lynxstellify,49,64,13
dreamchaser5,50,1769,13
dreamchaser5,48,1769,13
dreamchaser5,49,1769,13
jellesteen21,48,39111,13
jellesteen21,49,39111,13
jellesteen21,50,39111,13
vipacevipace,48,30000,13
vipacevipace,49,30000,13
vipacevipace,50,30000,13
rochelle.ai,48,6257,13
rochelle.ai,49,6257,13
rochelle.ai,50,6257,13
shahargluska,48,10045,13
shahargluska,49,10045,13
shahargluska,50,10045,13
hakf355store,48,219368,13
hakf355store,49,219368,13
hakf355store,50,219368,13
narestudios1,48,110507,13
narestudios1,49,110507,13
narestudios1,50,110507,13
buddhaman111,48,20058,13
buddhaman111,49,20058,13
buddhaman111,50,20058,13
gi4tgmbtgige,49,4372,13
ezyforfrnzex,50,100,13
ezyforfrnzex,49,100,13
ezyforfrnzex,48,100,13
schmeichel45,48,41299,13
schmeichel45,49,41299,13
schmeichel45,50,41299,13
brianbax1111,48,10177,13
brianbax1111,49,10177,13
brianbax1111,50,10177,13
effectai1153,49,100,13
effectai1153,50,100,13
effectai1153,48,100,13
